1,aaa,1111,Female,88,88,81,344-976-7604,charcourt0@independent.co.uk
2,bbb,2222,Male,79,75,100,309-898-3567,mfosbraey1@squidoo.com
3,ccc,3333,Female,100,89,85,548-851-8786,hsommers2@instagram.com
4,Cesare,7701,Male,71,82,87,206-357-9312,bmckelvey3@themeforest.net
5,Warner,1004,Male,70,72,82,910-876-1214,arushmare4@google.cn
6,Clayton,4053,Male,93,70,76,238-136-5147,gpurslow5@hc360.com
7,Gannie,1504,Male,94,71,87,604-632-1537,gdarragh6@slate.com
8,Mariele,2155,Female,95,95,88,892-434-0519,fmingard7@xrea.com
9,Hetty,6544,Female,95,92,100,753-980-5429,ngrime8@fastcompany.com
10,Baxie,4068,Male,84,83,70,412-608-2140,stait9@blog.com
11,Pen,1729,Male,85,98,96,768-333-2474,squarriea@myspace.com
12,Clarie,9999,Female,96,91,72,445-392-7932,dcrockettb@squarespace.com
13,Dniren,7507,Female,84,92,85,662-776-0221,raudenisc@ca.gov
14,Emerson,7503,Male,90,95,94,794-923-9195,wblaxleyd@google.it
15,Carmencita,8984,Female,91,70,70,757-359-4820,rlewtye@wikimedia.org
16,Leyla,6200,Bigender,87,87,89,166-498-8136,hivshinf@i2i.jp
17,Talbert,4791,Male,85,82,83,515-680-7284,lschallg@yahoo.com
18,Chet,5239,Male,96,91,90,958-536-6439,cguilfordh@oracle.com
19,Irwin,2062,Male,99,90,71,774-949-6338,ahartyi@infoseek.co.jp
20,Karen,Lira,8710,Female,76,81,71,507-812-2694,lsweetnamj@prnewswire.com
21,Anallise,Stepha,9534,Female,98,70,72,629-692-3540,sorthmannk@tuttocitta.it
22,Jodee,Chandra,2949,Female,77,72,73,362-631-5303,ckyberdl@amazonaws.com
23,Thebault,Elliott,2959,Male,81,82,99,428-151-9763,eellerbeckm@google.co.jp
24,Rudd,Claudianus,6680,Male,79,95,88,458-229-8843,craun@ihg.com
25,Zacharia,Antonius,4117,Male,84,85,74,336-465-7371,acantoo@so-net.ne.jp
26,Bram,Goddart,6015,Male,85,91,81,304-865-9987,gbeggsp@ft.com
27,Chas,Artemis,8859,Male,87,99,84,101-712-2455,ahincksq@twitter.com
28,Karon,Trixie,1086,Female,79,77,82,210-951-9593,tlorrymanr@cbc.ca
29,Tobey,Sandye,5849,Bigender,98,76,82,629-592-5897,swhistans@mysql.com
30,Abrahan,Olav,3083,Male,85,91,97,954-855-6798,ojaggardt@sphinn.com
31,Elmo,John,6300,Male,79,92,71,450-904-2633,jdeshonu@creativecommons.org
32,Linet,Calla,6270,Female,97,79,95,500-519-4472,cwoolacottv@t.co
33,Sherri,Cornie,4995,Female,83,75,84,902-256-1243,cmanthorpew@addtoany.com
34,Sondra,Brinn,6060,Female,89,88,76,434-726-0990,bantonazzix@simplemachines.org
35,Leonelle,Hedi,9302,Female,85,87,90,345-547-9270,hkenninghamy@booking.com
36,Pierette,Pearle,4320,Female,72,95,91,828-160-6846,pgreedz@purevolume.com
37,Bamby,Thea,2589,Female,70,100,82,901-658-3709,tbernard10@dion.ne.jp
38,Loraine,Barbey,2236,Non-binary,72,91,79,930-405-6907,bstilling11@studiopress.com
39,Wally,Kenon,4932,Male,88,80,81,896-180-3952,kguinness12@nyu.edu
40,Brandy,Denise,8587,Female,94,87,95,706-784-0175,darsey13@freewebs.com
41,Gwendolin,Maisie,3274,Female,98,70,92,951-870-1832,mthurby14@bbc.co.uk
42,Rodrick,Egan,1197,Male,84,74,92,544-991-8943,ezannini15@godaddy.com
43,Julio,Ashbey,2502,Male,89,70,92,467-490-0496,acrehan16@mac.com
44,Barron,Craig,7422,Male,95,85,81,540-285-9386,cwallicker17@simplemachines.org
45,Anni,Carlota,6718,Female,89,94,78,293-310-3353,cwarmington18@facebook.com
46,Annissa,Marilin,3984,Female,77,91,84,557-474-9443,mfauning19@usnews.com
47,Dwight,Cristal,1530,Genderfluid,100,87,92,302-822-7502,cpiperley1a@biblegateway.com
48,Isabel,Tommy,9457,Female,78,95,85,289-821-4364,thavelin1b@pen.io
49,Kesley,Genvieve,2239,Female,95,85,95,765-759-2976,glangcastle1c@marriott.com
50,Asa,Abbey,1807,Male,100,89,84,842-433-0966,alambal1d@youku.com
51,Bunnie,Roxy,5763,Female,100,71,71,799-286-5183,rsworder1e@baidu.com
52,Devin,Peri,1283,Female,84,87,70,972-806-2360,pdifilippo1f@blog.com
53,Leodora,Bert,5407,Female,71,91,94,588-528-4150,btheodore1g@cargocollective.com
54,Sibylla,Perl,7161,Female,88,97,86,462-600-9836,pilchuk1h@flavors.me
55,Gabe,Webb,3239,Male,98,99,90,597-207-3411,wgrane1i@meetup.com
56,Fanchon,Bourke,2615,Polygender,84,73,88,746-248-0911,bsimnor1j@wordpress.org
57,Josh,Ephrem,8340,Male,86,82,80,849-113-4446,emaccart1k@edublogs.org
58,Kory,Judie,8052,Bigender,89,91,83,514-730-9127,jmaidens1l@ted.com
59,Odilia,Nathan,2054,Polygender,89,79,96,464-392-5453,nscougall1m@tamu.edu
60,Katey,Rasia,4423,Female,93,88,86,393-302-6405,rstonhewer1n@cloudflare.com
61,Hattie,Erica,8263,Female,76,87,88,878-646-6360,eguppie1o@twitpic.com
62,Antonie,Easter,1237,Female,95,85,74,795-757-4086,emakinson1p@nba.com
63,Pavlov,Carlin,8242,Male,80,71,94,164-642-7296,ckilminster1q@digg.com
64,Lizabeth,Alina,3731,Female,76,74,81,766-864-8793,athomann1r@51.la
65,Elga,Elfrieda,7723,Female,80,91,85,963-123-7712,efeldberg1s@hc360.com
66,Sari,Sal,5694,Female,86,95,95,620-353-1250,skyberd1t@tmall.com
67,Bastian,Virge,9149,Male,94,83,97,880-797-6125,vcozzi1u@multiply.com
68,Esra,Stacy,1437,Male,85,80,99,427-181-5439,sfosdick1v@yelp.com
69,Nickey,Davidde,6702,Male,90,97,76,414-308-0044,dfoulkes1w@nps.gov
70,Krispin,Nataniel,7152,Agender,82,80,71,160-953-8835,nallerton1x@nymag.com
71,Daniella,Muire,2323,Female,88,92,70,915-403-9562,mskerme1y@wordpress.com
72,Gaultiero,Craggie,7018,Male,71,94,92,934-153-9811,cmatthieson1z@imdb.com
73,Marinna,Ely,6847,Non-binary,88,71,94,765-870-3616,ehargroves20@vkontakte.ru
74,Natasha,Lenna,9419,Female,94,84,79,217-541-0884,lmussared21@ucla.edu
75,Murray,Beale,8603,Male,75,94,70,854-565-1518,binkpen22@va.gov
76,Henderson,Bruno,5275,Male,74,92,91,542-424-7353,bsaffon23@home.pl
77,Kassey,Janela,7628,Female,87,79,88,177-322-5236,jgreetland24@latimes.com
78,Shirl,Lorne,2781,Female,85,79,83,659-449-8323,lmcgregor25@nyu.edu
79,Henka,Thomasine,8251,Female,85,82,73,727-365-4251,tmanueli26@buzzfeed.com
80,Jackqueline,Trisha,7790,Female,92,71,73,348-689-9640,tgurry27@sitemeter.com
81,Cart,Bradley,9468,Male,96,79,98,302-293-7010,bacors28@nyu.edu
82,Mathe,Antonin,9717,Male,84,80,95,584-645-4080,agunney29@simplemachines.org
83,Hashim,Richy,7005,Male,94,76,84,929-902-1417,rshill2a@discuz.net
84,Ashbey,Dolf,1250,Male,81,98,84,669-888-3702,dbosman2b@who.int
85,Ivette,Daveen,3960,Female,77,78,76,154-285-6902,dcollyear2c@surveymonkey.com
86,Ring,Findlay,8348,Male,72,96,87,220-846-8650,fspaunton2d@usgs.gov
87,Lana,Gail,4965,Female,98,84,85,390-374-3951,gbrodley2e@4shared.com
88,Perry,Melinde,3608,Female,78,84,96,279-618-3960,mdoohey2f@microsoft.com
89,Leena,Clarinda,5380,Female,71,77,70,264-709-7361,churdman2g@adobe.com
90,Monroe,Elmore,3038,Male,99,77,85,360-280-6782,evisick2h@marketwatch.com
91,Bartolemo,Andie,1636,Male,70,77,93,993-283-7031,asturge2i@ucla.edu
92,Dyann,Lanie,1965,Female,75,96,82,523-307-4023,lpegram2j@phoca.cz
93,Allister,Mose,2404,Male,73,100,83,275-836-5627,mflasby2k@ameblo.jp
94,Torr,Eldredge,6839,Male,72,97,90,340-239-5861,egracewood2l@washington.edu
95,Sisely,Pet,1666,Female,82,99,92,853-410-6115,pminshaw2m@123-reg.co.uk
96,Borg,Donny,1586,Male,74,76,75,230-700-2503,dnorrey2n@wp.com
97,Rosene,Kissie,1891,Female,79,99,73,663-657-0766,kmorling2o@ted.com
98,Vanna,Herminia,2280,Female,90,96,85,302-971-8023,hpeplaw2p@hubpages.com
99,Timofei,Gradeigh,3925,Male,79,88,72,602-709-0786,gayce2q@joomla.org
100,Giovanni,Heall,6160,Male,90,100,77,761-849-4965,hdally2r@alexa.com
